{
	"layout": {
		"scale": 64,
		"size": [48, 10],
		"start": [1, 7],
		"goal": [44, 3, 2, 5]
	},

	"physics": {
		"gravity": 1.5,
		"terminal_velocity": 36
	},

	"music": "assets/sounds/title.ogg",

	"background": {
		"color": [0, 0, 0],
		"image1": "assets/images/background/background.png",
		"image2": "assets/images/background/background.png", 
		"parallax_speed1": 0.6,
		"parallax_speed2": 0.3
	},

	"tiles": {
		"midground": [
			[44.8, 8, "open_door"]
        ],
        
        "doors": [
            [46, 8, "closed_door"]
        ],

		"main": [
			[1, 9, "Bricks"],
			[2, 9, "Bricks"],
			[3, 9, "Bricks"],
			[0, 9, "Bricks"],
			[4, 9, "Bricks"],
			[5, 9, "Bricks"],
			[6, 9, "Bricks"],
			[7, 9, "Bricks"],
			[8, 9, "Bricks"],
			[9, 9, "Bricks"],
			[10, 9, "Bricks"],
			[11, 9, "Bricks"],
			[12, 9, "Bricks"],
			[13, 9, "Bricks"],
			[14, 9, "Bricks"],
			[15, 9, "Bricks"],
			[16, 9, "Bricks"],
			[17, 9, "Bricks"],
			[18, 9, "Bricks"],
			[19, 9, "Bricks"],
			[20, 9, "Bricks"],
			[21, 9, "Bricks"],
			[22, 9, "Bricks"],
			[23, 9, "Bricks"],
			[24, 9, "Bricks"],
			[25, 9, "Bricks"],
			[26, 9, "Bricks"],
			[27, 9, "Bricks"],
			[28, 9, "Bricks"],
			[31, 9, "Bricks"],
			[32, 9, "Bricks"],
			[33, 9, "Bricks"],
			[34, 9, "Bricks"],
			[35, 9, "Bricks"],
			[36, 9, "Bricks"],
			[37, 9, "Bricks"],
			[41, 9, "Bricks"],
			[42, 9, "Bricks"],
			[43, 9, "Bricks"],
			[44, 9, "Bricks"],
			[45, 9, "Bricks"],
			[46, 9, "Bricks"],
			[47, 9, "Bricks"],

			[8, 5, "Platform"],
			[9, 5, "Platform"],
			[10, 4, "Platform"],
			[11, 4, "Platform"],
			[12, 4, "Platform"],

			[13, 1, "Platform"],

			[18, -1, "Platform"],

			[15, 6, "Platform"],
			[16, 6, "Platform"],

			[20, 4, "Platform"],
			[20, 7, "Platform"],
			[20, 8, "Platform"],

			[28, 6, "Platform"],
			[29, 6, "Platform"],
			[30, 6, "Platform"],

			[33, 5, "Platform"],
			[34, 5, "Platform"],
			[35, 5, "Platform"]
		],

		"foreground": [
			[12, 8, "Plant"],
			[19, 8, "Plant"],
			[34, 8, "Plant"],

			[26, 8, "Platform"],
			[27, 8, "Platform"],
			[28, 8, "Platform"],
			[29, 8, "Platform"],
			[30, 8, "Platform"],
			[31, 8, "Platform"],
			[32, 8, "Platform"],

			[27, 7, "Platform"],
			[28, 7, "Platform"],
			[29, 7, "Platform"],
			[30, 7, "Platform"],
			[31, 7, "Platform"],

			[29, 9, "Bricks"],
			[30, 9, "Bricks"]
			
		]
	},

	"items": [
		[10.25, 3.5, "Gem"],
		[20.25, 3.5, "Gem"],
		[29.25, 5.5, "Gem"],
		[34.25, 4.5, "Gem"],
		[18.25, -1.5, "Gem"],
		[28.25, 7.5, "Gem"]
	],

	"enemies": [
		[11, 2, "BasicEnemy"],
		[18, 7, "BasicEnemy"],
		[30, 5, "PlatformEnemy"],
		[34, 3, "PlatformEnemy"]
	]
}
