{
	"layout": {
		"scale": 64,
		"size": [48, 10],
		"start": [1, 7],
		"goal": [44, 3, 2, 5]
	},

	"physics": {
		"gravity": 1.5,
		"terminal_velocity": 36
	},

	"music": "assets/sounds/abcs.ogg",

	"background": {
		"color": [0, 0, 0],
		"image1": "assets/images/background/forest_lvl.png",
		"image2": "assets/images/background/forest_lvl.png", 
		"parallax_speed1": 0.6,
		"parallax_speed2": 0.3
	},

	"tiles": {
		"midground": [
			[44.8, 6, "rocket"]

		],

		"main": [
			[1, 9, "Grass"],
			[2, 9, "Grass"],
			[3, 9, "Grass"],
			[0, 9, "Grass"],
			[4, 9, "Grass"],
			[5, 9, "Grass"],
			[6, 9, "Grass"],
			[7, 9, "Grass"],
			[11, 9, "Grass"],
			[12, 9, "Grass"],
			[13, 9, "Grass"],
			[14, 9, "Grass"],
			[15, 9, "Grass"],
			[16, 9, "Grass"],
			[17, 9, "Grass"],
			[18, 9, "Grass"],
			[19, 9, "Grass"],
			[20, 9, "Grass"],
			[21, 9, "Grass"],
			[22, 9, "Grass"],
			[23, 9, "Grass"],
			[24, 9, "Grass"],
			[25, 9, "Grass"],
			[26, 9, "Grass"],
			[27, 9, "Grass"],
			[28, 9, "Grass"],
			[31, 9, "Grass"],
			[32, 9, "Grass"],
			[33, 9, "Grass"],
			[34, 9, "Grass"],
			[35, 9, "Grass"],
			[36, 9, "Grass"],
			[37, 9, "Grass"],
			[41, 9, "Grass"],
			[42, 9, "Grass"],
			[43, 9, "Grass"],
			[44, 9, "Grass"],
			[45, 9, "Grass"],
			[46, 9, "Grass"],
			[47, 9, "Grass"],

			[8, 4, "Grass_left"],
			[9, 4, "Grass_platform"],
			[10, 4, "Grass_right"],


			[14, 6, "Grass_left"],
			[15, 6, "Grass_platform"],
			[16, 6, "Grass_right"],

			[20, 4, "Grass_left"],
			[21, 4, "Grass_platform"],
			[22, 4, "Grass_right"],

			[25, 7, "Grass_left"],
			[26, 7, "Grass_right"],

			[29, 6,"Grass_left"],
			[30, 6, "Grass_right"],

			[33, 5, "Grass_left"],
			[34, 5, "Grass_right"],

			[37, 4, "Grass_left"],
			[38, 4, "Grass_right"]
		],

		"foreground": [
			[12, 8, "Plant"],
			[19, 8, "Plant"],
			[34, 8, "Plant"]
			
		]
	},

	"items": [
		[10.25, 3.5, "Gem"]

	],

	"enemies": [
		[11, 2, "BasicEnemy"],
		[18, 7, "BasicEnemy"],
		[30, 5, "PlatformEnemy"],
		[34, 3, "PlatformEnemy"]
	]
}
