{
	"layout": {
		"scale": 64,
		"size": [48, 10],
		"start": [1, 7],
		"goal": [44, 3, 2, 5]
	},

	"physics": {
		"gravity": 0.9,
		"terminal_velocity": 15
	},

	"music": "assets/sounds/space.ogg",

	"background": {
		"color": [0, 0, 0],
		"image1": "assets/images/background/space_lvl.png",
		"image2": "assets/images/background/space_lvl.png", 
		"parallax_speed1": 0.6,
		"parallax_speed2": 0.3
	},

	"tiles": {
		"midground": [
			[44.8, 6, "rocket"]

		],

		"main": [
			[1, 9, "Moon"],
			[2, 9, "Moon"],
			[3, 9, "Moon"],
			[0, 9, "Moon"],
			[4, 9, "Moon"],
			[5, 9, "Moon"],
			[6, 9, "Moon"],
			[7, 9, "Moon"],
			[8, 9, "Moon"],
			[9, 9, "Moon"],
			[10, 9, "Moon"],
			[11, 9, "Moon"],
			[12, 9, "Moon"],
			[13, 9, "Moon"],
			[14, 9, "Moon"],
			[15, 9, "Moon"],
			[16, 9, "Moon"],
			[17, 9, "Moon"],
			[18, 9, "Moon"],
			[19, 9, "Moon"],
			[20, 9, "Moon"],
			[21, 9, "Moon"],
			[22, 9, "Moon"],
			[23, 9, "Moon"],
			[24, 9, "Moon"],
			[25, 9, "Moon"],
			[26, 9, "Moon"],
			[27, 9, "Moon"],
			[28, 9, "Moon"],
			[31, 9, "Moon"],
			[32, 9, "Moon"],
			[33, 9, "Moon"],
			[34, 9, "Moon"],
			[35, 9, "Moon"],
			[36, 9, "Moon"],
			[37, 9, "Moon"],
			[41, 9, "Moon"],
			[42, 9, "Moon"],
			[43, 9, "Moon"],
			[44, 9, "Moon"],
			[45, 9, "Moon"],
			[46, 9, "Moon"],
			[47, 9, "Moon"],

			[8, 5, "Moon_platform"],
			[9, 5, "Moon_platform"],
			[10, 4, "Moon_platform"],
			[11, 4, "Moon_platform"],
			[12, 4, "Moon_platform"],

			[27, 3, "Moon_left"],
			[28, 3, "Moon_right"]

		],

		"foreground": [
			[12, 8, "Moon_rock"],
			[19, 8, "Moon_rock"],
			[34, 8, "Moon_rock"] 
			
		]
	},

	"items": [
		[10.25, 3.5, "Gem"]

	],

	"enemies": [
		[11, 2, "BasicEnemy"],
		[18, 7, "BasicEnemy"],
		[30, 5, "PlatformEnemy"],
		[34, 3, "PlatformEnemy"]
	]
}
